Список государственных ведомств,,,,,
Ведомство,Департамент,Должность,Имя,Начало работы,Конец работы
Министерство экономического развития и торговли РФ,,Министр экономического развития и торговли РФ,Греф Герман Оскарович,18 мая 2000,24 сентября 2007
,,Министр экономического развития и торговли РФ,Набиуллина Эльвира Сахипзадовна,24 сентября 2007,12 мая 2008
,,Первый заместитель Министра,Матеров Иван Сергеевич,июнь 2000 г.,2004 г.
,,Заместитель Министра,Кузнецов Станислав Константинович,апрель 2007 г.,январь 2008 г.
,,Заместитель Министра,Белоусов Андрей Рэмович,6 февраля 2006,13 мая 2008
,,"Статс-секретарь, заместитель министра",Попова Анна Владиславовна,2008,?
,,Заместитель Министра,Андросов Кирилл Геннадьевич,2005,13 мая 2008
,,"Статс-секретарь, заместитель министра",Шаронов Андрей Владимирович,2000,2007
,,Заместитель Министра,Савельев Виталий Геннадьевич,2004,17 октября 2007
,,Заместитель Министра,Белецкий Юрий Владимирович,июнь 2000 г.,август 2003 г.
,,Заместитель Министра,Циканов Мухамед Мухадинович,июль 2000 г.,2004 г.
,,,,,
Министерство экономического развития РФ,,Министр экономического развития РФ,Набиуллина Эльвира Сахипзадовна,12 мая 2008,21 мая 2012
,,Министр экономического развития РФ,Белоусов Андрей Рэмович,21 мая 2012,24 июня 2013
,,Министр экономического развития РФ,Улюкаев Алексей Валентинович,24 июня 2013,15 ноября 2016
,,Министр экономического развития РФ (врио),Елин Евгений Иванович,15 ноября 2016,30 ноября 2016
,,Министр экономического развития РФ,Орешкин Максим Станиславович,30 ноября 2016,21 января 2020
,,Министр экономического развития РФ,Решетников Максим Геннадьевич,21 января 2020,
,,Первый заместитель Министра,Лихачев Алексей Евгеньевич,29 июля 2010,13 февраля 2015
,,Заместитель Министра,,13 февраля 2015,5 октября 2016
,,Заместитель Министра,Фомичев Олег Владиславович,12 ноября 2010,7 июля 2012
,,Статс-секретарь — заместитель,,7 июля 2012,16 августа 2018
,,Заместитель Министра,Королев Павел Эдуардович,13 июня 2012,15 декабря 2016
,,Заместитель Министра,Елин Евгений Иванович,31 июля 2013,13 июля 2017
,,Заместитель Министра,Подгузов Николай Радиевич,19 сентября 2013,7 июля 2017
,,Заместитель Министра,Рева Игорь Александрович,15 апреля 2014,17 января 2017
,,Заместитель Министра,Ведев Алексей Леонидович,19 августа 2014,21 февраля 2017
,,Заместитель Министра,Воскресенский Станислав Сергеевич,9 февраля 2008,10 июля 2012
,,Заместитель Министра,,19 августа 2014,10 октября 2017
,,Заместитель Министра,Цыбульский Александр Витальевич,19 ноября 2014,28 сентября 2017
,,Заместитель Министра,Пристансков Дмитрий Владимирович,20 апреля 2016,21 декабря 2018
,,Заместитель Министра,Шипов Савва Витальевич,10 июня 2016,17 июля 2019
,,Заместитель Министра,Абрамченко Виктория Валериевна,11 октября 2016,22 января 2020
,,Заместитель Министра,Груздев Алексей Владимирович,17 октября 2016,21 июня 2018
,,Заместитель Министра,Талыбов Азер Муталим оглы,28 января 2017,19 мая 2020
,,Заместитель Министра,Расстригин Михаил Алексеевич,14 декабря 2017,9 июня 2020
,,Заместитель Министра,Торосов Илья Эдуардович,12 марта 2018,1 марта 2022
,,Заместитель Министра,Живулин Вадим Александрович,5 июля 2018,2 июня 2020
,,Заместитель Министра,Горьков Сергей Николаевич,26 июля 2018,29 марта 2019
,,Заместитель Министра,Максимов Тимур Игоревич,25 октября 2018,3 марта 2020
,,Заместитель Министра,Галкин Сергей Сергеевич,3 ноября 2018,11 мая 2022
,,Заместитель Министра,Засельский Петр Владимирович,26 декабря 2018,16 марта 2021
,,Заместитель Министра,Тарасенко Оксана Валерьевна,29 декабря 2018,12 апреля 2021
,,Первый заместитель Министра,Бабич Михаил Викторович,30 сентября 2019,19 января 2021
,,Заместитель Министра,,15 июня 2019,30 сентября 2019
,,Статс-секретарь — заместитель,Шипов Савва Витальевич,17 июля 2019,4 марта 2020
,,Заместитель Министра,Бадасен Полина Васильевна,22 июля 2019,17 февраля 2020
,,Заместитель Министра,Херсонцев Алексей Игоревич,6 сентября 2019,9 марта 2020
,,Статс-секретарь – заместитель Министра,,9 марта 2020,
,,Заместитель Министра,Чеботарёв Сергей Викторович,7 февраля 2020,16 марта 2020
,,Заместитель Министра,Федулов Владислав Викторович,3 апреля 2020,20 апреля 2022
,,Первый заместитель Министра,Иванов Андрей Юрьевич,16 июля 2020,17 февраля 2022
,,Первый заместитель Министра,Торосов Илья Эдуардович,1 марта 2022,17 октября 2024
,,Первый заместитель Министра,Колесников Максим Андреевич,10 июня 2022,14 ноября 2024
,,Заместитель Министра,,14 ноября 2024,
,,Заместитель Министра,Назаров Сергей Макарович,13 декабря 2014,
,,Заместитель Министра,Илюшникова Татьяна Александровна,11 февраля 2020,
,,Заместитель Министра,Крючкова Полина Викторовна,21 февраля 2020,
,,Заместитель Министра,Ильичев Владимир Евгеньевич,21 марта 2020,
,,Заместитель Министра,Вольвач Дмитрий Валерьевич,16 марта 2021,
,,Заместитель Министра,Керефов Мурат Анатольевич,17 февраля 2022,
,,Заместитель Министра,Вахруков Дмитрий Сергеевич,20 мая 2022,
,,Заместитель Министра,Тюпышев Денис Анатольевич,29 июля 2024,
,,Заместитель Министра,Каминский Михаил Александрович,26 декабря 2024,
,,Заместитель Министра,Сорокин Святослав Олегович,1 апреля 2025,
,Департамент стратегического развития и инноваций,Директор департамента,"Сотникова
 Оксана Юрьевна",15 февраля 2025,
,Департамент стратегического развития и инноваций,Директор департамента,Воробьева Валерия Алексеевна,2022 г.,2025
,Департамент стратегического развития и инноваций,Директор департамента,Тихонов Рустам,апрель 2020 г.,2022 г.
,Департамент стратегического развития и инноваций,Директор департамента,Шадрин Артём Евгеньевич,2014 г.,2016
,Правовой департамент,Директор департамента,Гершанок Лев Валентинович,июль 2020 г.,?
,Департамент макроэкономического анализа и прогнозирования,Директор департамента,"Денисов
 Лев Владимирович",23 декабря 2022,
,Департамент макроэкономического анализа и прогнозирования,Директор департамента,Власова Екатерина Александровна,июль 2019 г.,2022
,Департамент развития социальной сферы и сектора некоммерческих организаций,Директор департамента,Золотухина Анастасия Евгеньевна,24 апреля 2025 г.,
,Департамент развития социальной сферы и сектора некоммерческих организаций,Директор департамента,Сорокин Святослав Олегович,март 2021 г.,март 2025 г.
,"Департамент конкуренции, энергоэффективности и экологии",и.о. директора департамента,"Краевой
 Александр Сергеевич",28 июля 2025 г.,
,"Департамент конкуренции, энергоэффективности и экологии",Директор департамента,Бобылев Петр Михайлович,октябрь 2020 г.,2021 г.
,"Департамент конкуренции, энергоэффективности и экологии",и.о. директора департамента,Петрунина Ирина Анатольевна,октябрь 2022 г.,декабрь 2022 г.
,"Департамент конкуренции, энергоэффективности и экологии",Директор департамента,Петрунина Ирина Анатольевна,28 декабря 2022 г.,2025 г.
,Департамент государственного регулирования тарифов и инфраструктурных реформ,Директор департамента,Шведов Дмитрий Аркадьевич,27 марта 2025 г.,
,Департамент государственного регулирования тарифов и инфраструктурных реформ,Директор департамента,"Вахруков
 Дмитрий Сергеевич",февраль 2018 г.,май 2022 г.
,Департамент государственного регулирования тарифов и инфраструктурных реформ,Директор департамента,Мандрон Ярослав Владимирович,январь 2014 г.,ноябрь 2017 г.
,Департамент реализации проектов в сфере туристской деятельности,Директор департамента,"Груша
 Георгий Романович",4 октября 2024 г.,
,Департамент реализации проектов в сфере туристской деятельности,Директор департамента,Абисалов Сослан Русланович,декабрь 2022 г.,январь 2023 г.
,Департамент реализации проектов в сфере туристской деятельности,врио директора департамента,Веригин Дмитрий Александрович,январь 2023 г.,октябрь 2024 г.
,Департамент обеспечения качества предоставления государственных услуг населению и выполнения государственных функций,Директор департамента,"Албычев
 Кирилл Сергеевич",23 апреля 2025 г.,
,Департамент обеспечения качества предоставления государственных услуг населению и выполнения государственных функций,Директор департамента,Казмерчук Елена Вадимовна,5 августа 2021 г.,?
,Департамент евразийской интеграции,Директор департамента,"Добкин
 Алексей Геннадьевич",20 июля 2022 г.,
,Департамент торговых переговоров,Директор департамента,Майорова Екатерина Евгеньевна,март 2019 г.,
,Департамент развития и регулирования внешнеэкономической деятельности,Директор департамента,Некрасов Дмитрий Викторович,12 ноября 2024 г.,
,Департамент развития и регулирования внешнеэкономической деятельности,Директор департамента,Щур-Труханович Лилия,2017 г.,2024 г.
,Департамент развития малого и среднего предпринимательства и налогового стимулирования,Директор департамента,"Тараканов
 Андрей Александрович",29 ноября 2024 г.,
,Департамент регионального развития,Директор департамента,"Толмачев
 Андрей Сергеевич",4 августа 2025 г.,
,Финансовый департамент,Директор департамента,Симоненко Вера Юрьевна,17 марта 2021 г.,
,Департамент аналитического сопровождения внешнеэкономической деятельности,и.о. директора департамента,"Шишов
 Юрий Владимирович",декабрь 2023 г.,июнь 2024 г.
,Департамент аналитического сопровождения внешнеэкономической деятельности,Директор департамента,,5 июня 2024 г.,
,Департамент аналитического сопровождения внешнеэкономической деятельности,и.о. директора департамента,Мельникова Елена Геннадьевна,2021 г.,2023 г.
,Департамент аналитического сопровождения внешнеэкономической деятельности,Директор департамента,,2023 г.,2024 г.
,Департамент аналитического сопровождения внешнеэкономической деятельности,Директор департамента,Снисоренко Павел Валериевич,2019 г.,2020 г.
,Департамент государственных целевых программ и капитальных вложений,Директор департамента,Куренкова Олеся Николаевна,5 мая 2022 г.,
,Департамент секторов экономики,Директор департамента,"Каминский
 Михаил Александрович",февраль 2024 г.,декабрь 2024 г.
,Департамент секторов экономики,Директор департамента,"Дождиков
 Кирилл Владимирович",12 сентября 2025 г.,
,"Департамент бюджетного планирования, государственных программ и национальных проектов",Директор департамента,"Митюков
 Тимур Сайфуллович",5 августа 2024,
,Департамент корпоративного регулирования,Директор департамента,"Бештоев
 Михаил Ибрагимович",17 марта 2021,
,Департамент управления делами и кадровой политики,Директор департамента (и.о.),"Султанов
 Назим Самедович",1 мая 2025,
,Департамент финансово-банковской деятельности и инвестиционного развития,Директор департамента,"Морщихина
 Наталья Юрьевна",28 сентября 2024,
,Департамент реализации государственной программы социально-экономического развития Северо-Кавказского федерального округа,Директор департамента,"Бексултанов
 Камиль Бексултанович",19 апреля 2021 г.,
,"Департамент государственной политики в сфере лицензирования, контрольно-надзорной деятельности, аккредитации и саморегулирования",Директор департамента,Вдовин Александр Викторович,2022 г.,2025 г.
,"Департамент государственной политики в сфере лицензирования, контрольно-надзорной деятельности, аккредитации и саморегулирования",Директор департамента,"Никитин
 Константин Дмитриевич",21 октября 2025 г.,
,Департамент развития двустороннего сотрудничества,Директор департамента,"Калмычек
 Павел Александрович",28 июля 2022,
,Департамент регуляторной политики и оценки регулирующего воздействия,Директор департамента,"Стариков
 Андрей Викторович",март 2024 г.,
,Департамент планирования территориального развития,Директор департамента,"Дегтярев
 Дмитрий Сергеевич",16 февраля 2022 г.,
,"Департамент производительности труда, защиты и поощрения капиталовложений",Директор департамента,"Горчакова
 Светлана Владимировна",20 декабря 2024 г.,
,Департамент развития туризма,Директор департамента,"Хидзев
 Алимбек Туземович",март 2023 г.,
,Департамент многостороннего экономического сотрудничества и специальных проектов,Директор департамента,"Кондратьев
 Никита Владимирович",19 июля 2023,
,Департамент развития цифровой экономики,Директор департамента,"Волошин
 Владимир Александрович",декабрь 2022 г.,6 мая 2024 г.
,Департамент цифрового развития и экономики данных,Директор департамента,"Волошин
 Владимир Александрович",6 мая 2024 г.,
,Департамент организационного обеспечения и коммуникаций,Директор департамента,"Султанов
 Назим Самедович",17 марта 2021,
,Департамент экономического сотрудничества со странами СНГ,Директор департамента,"Михайлов
 Алексей Сергеевич",9 июня 2025,
,Департамент цифровой трансформации,Директор департамента,"Никитин
 Игорь Николаевич",11.02.2021,18 июня 2025
,Департамент региональной политики,Директор департамента,Косткин Дмитрий Сергеевич,17 октября 2022,
,Департамент стратегического планирования и координации национального проекта «Эффективная и конкурентная экономика»,Директор департамента,"Вейнблат
 Олеся Александровна",15 апреля 2025,
,Департамент социально-экономического развития Северо-Кавказского федерального округа,Директор департамента,"Харсиев
 Михаил Исаевич",23 апреля 2025 г.,
,Управление специальных программ и проектов,Начальник,"Мельник
 Антон Валерьевич",24 января 2024 г.,
,Управление внешних коммуникаций,Начальник,"Левченко
 Дарья Владимировна",21 августа 2024,
,Департамент мониторинга реализации национальных проектов,Директор департамента,"Султанов
 Назим Самедович⠀",март 2020 г.,март 2021 г.
,Департамент реализации региональных инвестиционных программ,Директор департамента,"Косткин
 Дмитрий Сергеевич",май 2022 г.,октябрь 2022 г.
,,,,,
Министерство финансов РФ,,Министр финансов РФ,Касьянов Михаил Михайлович,,18 мая 2000
,,Министр финансов РФ,Кудрин Алексей Леонидович,18 мая 2000,26 сентября 2011
,,Министр финансов РФ,Силуанов Антон Германович,16 декабря 2011,
,,Первый заместитель министра,Шаталов Сергей Дмитриевич,январь 2000 г.,октябрь 2005 г.
,,Статс-секретарь - заместитель Министра,,ноябрь 2005 г.,18 января 2016 г.
,,Статс-секретарь - заместитель Министра,Зубарев Юрий Иванович,18 июля 2013 г.,22 января 2020
,,Заместитель Министра финансов РФ,Панкин Дмитрий Владимирович,январь 2008 г.,2011-2013 гг.
,,Заместитель Министра финансов РФ,Фаррахов Айрат Закиевич,5 июня 2014,30 сентября 2016
,,Заместитель Министра финансов РФ,Орешкин Максим Станиславович,3 мая 2015,30 ноября 2016 г.
,,Заместитель Министра финансов РФ,Трунин Илья Вячеславович,13 февраля 2016,22 января 2020
,,Заместитель Министра финансов РФ,Котяков Антон Олегович,4 мая 2017,22 января 2020
,,Заместитель Министра финансов РФ,Круглов Андрей Вячеславович,18 мая 2019,12 февраля 2021
,,Заместитель Министра финансов РФ,Дроздов Антон Викторович,22 января 2020,3 февраля 2021
,,Заместитель Министра финансов РФ,Котюков Михаил Михайлович,2 марта 2020,21 апреля 2023
,,Заместитель Министра финансов РФ,Максимов Тимур Игоревич,3 марта 2020,23 октября 2023
,,Заместитель Министра финансов РФ,Горнин Леонид Владимирович,25 мая 2018,17 июня 2024
,,Первый заместитель Министра финансов РФ,Окладникова Ирина Андреевна,25 июня 2024,
,,Заместитель Министра финансов РФ,Лавров Алексей Михайлович,15 июня 2011 г.,июль 2025 г.
,,Заместитель Министра финансов РФ,Моисеев Алексей Владимирович,7 июля 2012 г.,
,,Заместитель Министра финансов РФ,Колычев Владимир Владимирович,8 февраля 2017 г.,
,,Заместитель Министра финансов РФ,Сазанов Алексей Валерьевич,2017 г.,
,,Заместитель Министра финансов РФ,Кадочников Павел Анатольевич,27 января 2020 г.,
,,Заместитель Министра финансов РФ,Чебесков Иван Александрович,27 ноября 2023 г.,
,,Заместитель Министра финансов РФ,Липаев Алексей Анатольевич,25 июня 2024 г.,
,,Заместитель Министра финансов РФ,Яковлева Елена Павловна,25 июня 2024 г.,
,Департамент бюджетных кредитов и гарантий,Директор департамента,Елин Евгений Иванович,,2004
,Департамент управления делами и контроля,Директор департамента,Дербенев Евгений Анатольевич,2024 г.,
,Департамент бюджетной методологии,Директор департамента,Романов Сергей Владимирович,2013 г.,
,Департамент налоговой политики,Директор департамента,Волков Данил Вертолиевич,2023 г.,
,Департамент государственного долга и государственных финансовых активов,Директор департамента,Мамонов Денис Андреевич,30.12.2009,
,Департамент финансовой политики,Директор департамента,Чебесков Иван Александрович,2020 г.,2023 г.
,Департамент межбюджетных отношений,Директор департамента,Ерошкина Лариса Александровна,2009 г.,
,"Департамент регулирования бухгалтерского учёта, финансовой отчётности и аудиторской деятельности",Директор департамента,Шнейдман Леонид Зиновьевич,13.05.2004,
,Правовой департамент,Директор департамента,Скобелев Александр Владимирович,2017 г.,
,"Департамент бюджетной политики в сфере транспорта, дорожного хозяйства, гражданского строительства, экологии и природопользования",Директор департамента,Тончев Павел Иванович,2024 г.,
,Департамент бюджетной политики в сфере государственной военной и правоохранительной службы и государственного оборонного заказа,Директор департамента,Попов Анатолий Александрович,2013 г.,
,Административный департамент,Директор департамента,Штоп Владимир Викторович,2021 г.,
,Департамент бюджетной политики в отраслях социальной сферы и науки,Директор департамента,Гашкина Светлана Антоновна,2014 г.,
,Департамент бюджетной политики в сфере труда и социальной защиты,Директор департамента,Курбанов Курбан Темирланович,02.04.2019,
,"Департамент бюджетной политики в сфере государственного управления, судебной системы, государственной гражданской службы",Директор департамента,Яковлева Елена Павловна,2011 г.,2024 г.
,Департамент бюджетной политики и стратегического планирования,Директор департамента (и.о.),Домбровский Евгений Александрович,?,
,Департамент организации составления и исполнения федерального бюджета,Директор департамента (и.о.),Кузнецова Янина Игоревна,02.05.2024,
,Департамент международных финансовых отношений,Директор департамента,Снисоренко Павел Валериевич,2020 г.,
,Департамент контроля за внешними ограничениями,Директор департамента (и.о.),Аверинова Евгения Николаевна,2025 г.,
,Департамент контроля за внешними ограничениями,Директор департамента,Тимофеев Дмитрий Вячеславович,февраль 2019 г.,2025 г.
,"Департамент бюджетной политики в сфере промышленности, агропромышленного комплекса, цифровой экономики и связи",Директор департамента (и.о.),Осолодков Андрей Евгеньевич,2024 г.,
,Департамент проектного финансирования и инвестиционной политики,Директор департамента,Воробьева Валерия Алексеевна,2017 г.,2019 г.
,Департамент информационных технологий в сфере управления государственными и муниципальными финансами и информационного обеспечения бюджетного процесса,Директор департамента,Громова Елена Александровна,2020 г.,
,Департамент государственного регулирования отрасли драгоценных металлов и драгоценных камней,Директор департамента,Гончаренко Юлия Александровна,2020 г.,
,Департамент доходов,Директор департамента,Лебединская Елена Викторовна,11.05.2016,
,Департамент бюджетной политики в сфере контрактной системы,Директор департамента,Демидова Татьяна Павловна,20.04.2017,
,Департамент развития персонала,Директор департамента (и.о.),Олейник Алла Юрьевна,?,
,Департамент программно-целевого планирования и проектного управления,Директор департамента,Бегчин Николай Аркадьевич,25.04.2019,2025 г.
,Департамент программно-целевого планирования и проектного управления,Директор департамента (и.о.),Раковский Иван Дмитриевич,2025 г.,
,Департамент таможенной политики и регулирования алкогольного и табачного рынков,Директор департамента,Золкин Никита Андреевич,18.03.2020,
,Департамент регулирования имущественных отношений,Директор департамента,Воронцов Андрей Николаевич,27.03.2020,
,Департамент анализа эффективности преференциальных налоговых режимов,Директор департамента,Борисов Денис Валерьевич,09.07.2020,
,"Департамента международных финансовых отношений, государственного долга и государственных финансовых активов",Директор департамента,Панкин Дмитрий Владимирович,ноябрь 2005 г.,?
,Департамент долгосрочного стратегического планирования,Директор департамента,Орешкин Максим Станиславович,сентябрь 2013 г.,3 мая 2015 г.
,Департамент долгосрочного стратегического планирования,Директор департамента,Колычев Владимир Владимирович,2015 г.,2017 г.
,Департамента налоговой и таможенно-тарифной политики,Директор департамента,Трунин Илья Вячеславович,2006 г.,2009 г.
,Департамента бюджетной политики в отраслях экономики,Директор департамента,Окладникова Ирина Андреевна,2018 г.,2020 г.
,,,,,
"Министерство промышленности, науки и технологий РФ",,"Министр промышленности, науки и технологий РФ",Дондуков Александр Николаевич,17 мая 2000,17 октября 2001
,,"Министр промышленности, науки и технологий РФ",Клебанов Илья Иосифович,17 октября 2001,1 ноября 2003
,,"Министр промышленности, науки и технологий РФ (и.о.)",Фурсенко Андрей Александрович,1 ноября 2003,9 марта 2004
,,Первый заместитель министра,Кирпичников Михаил Петрович,июнь 2000 г.,март 2004 г.
,,Первый заместитель министра,Свинаренко Андрей Геннадьевич,июнь 2000 г.,2004 г.
,,Заместитель министра,Сафронов Леонид Константинович,сентябрь 2000 г.,ноябрь 2001 г.
,,Заместитель министра,Сенин Виктор Константинович,май 2000 г.,?
,,Заместитель министра,Пивоваров Александр Александрович,июнь 2000 г.,декабрь 2001 г.
,,Заместитель министра,Княжев Владимир Александрович,сентябрь 2000 г.,?
Министерство промышленности и энергетики РФ,,Министр промышленности и энергетики РФ,Христенко Виктор Борисович,9 марта 2004,12 мая 2008
,,Первый заместитель министра,Тропко Леонид Александрович,июль 2001 г.,июнь 2004 г.
,,Статс-секретарь — заместитель министра,Яновский Анатолий Борисович,июль 2000 г.,апрель 2002 г.
Министерство промышленности и торговли РФ,,Министр промышленности и торговли РФ,Христенко Виктор Борисович,12 мая 2008,31 января 2012
,,Министр промышленности и торговли РФ,Мантуров Денис Валентинович,21 мая 2012,14 мая 2024
,,Министр промышленности и торговли РФ,"Алиханов, Антон Андреевич",c 14 мая 2024,
,,Первый заместитель министра,Никитин Глеб Сергеевич,25 июня 2013 г.,
,,Заместитель министра,Цыб Сергей Анатольевич,7 октября 2013 г.,2018 г.
,,Первый заместитель министра,,26 мая 2018 г.,12 апреля 2021 г.
,,Заместитель министра,Осьмаков Василий Сергеевич,2016 г.,2021 г.
,,Заместитель министра,Юрин Михаил Николаевич,31 марта 2023 г.,
,,Статс-секретарь - заместитель министра,Евтухов Виктор Леонидович,сентябрь 2012 г.,июнь 2024 г.
,,Статс-секретарь - заместитель министра,Чекушов Роман Андреевич,2024 г.,
,,Заместитель министра,Груздев Алексей Владимирович,21 июня 2018 г.,
,,Заместитель министра,Иванов Михаил Игоревич,13 января 2020 г.,
,,Заместитель министра,Шпак Василий Викторович,12 апреля 2021 г.,
,,Заместитель министра,Каримов Альберт Анварович,16 мая 2022 г.,
,,Заместитель министра,Лысогорский Кирилл Алексеевич,31 октября 2022 г.,
,,Заместитель министра,Приезжева Екатерина Геннадьевна,10 января 2023 г.,
,,Заместитель министра,"Куликов Иван
 Алексеевич",6 июня 2024 г.,
,,Заместитель министра,Абраменков Геннадий Владимирович,19 февраля 2025 г.,
,,Заместитель министра,Каламанов Георгий Владимирович,10 июня 2010 г.,5 августа 2019 г.
,,Заместитель министра,Кадырова Гульназ Маннуровна,14 мая 2014,9 января 2023
,,Заместитель министра,Потапов Александр Валерьевич,7 июля 2014,1 марта 2017
,,Заместитель министра,Дутов Андрей Владимирович,16 июля 2014,27 августа 2015
,,Заместитель министра,Богинский Андрей Иванович,5 февраля 2015,январь 2017 г.
,,Заместитель министра,Морозов Александр Николаевич,16 июля 2015,июнь 2022
,,Заместитель министра,Овсянников Дмитрий Владимирович,24 декабря 2015,28 июля 2016 г.
,,Заместитель министра,Рязанцев Олег Николаевич,16 марта 2017,31 октября 2022
,,Заместитель министра,Беспрозванных Алексей Сергеевич,22 ноября 2017,15 мая 2024
,,Заместитель министра,Ученов Алексей Александрович,12 апреля 2021,25 марта 2023
,,Заместитель министра,Бочаров Олег Евгеньевич,22 февраля 2017,19 февраля 2025
,Административный департамент,Директор департамента,Камчатный Сергей Сергеевич,?,
,Административный департамент,Директор департамента,Заболотный Александр Александрович,декабрь 2019 г.,
,Департамент авиационной промышленности,Директор департамента,Панина Анна Григорьевна,2021 г.,
,Департамент авиационной промышленности,Директор департамента,Бабкин Владимир Иванович,?,
,Департамент авиационной промышленности,Директор департамента,Лысогорский Дмитрий Алексеевич,декабрь 2019 г.,?
,Департамент автомобильной промышленности и железнодорожного машиностроения,Директор департамента,Парсаданян Тигран Геворкович,июнь 2023 г.,
,Департамент автомобильной промышленности и железнодорожного машиностроения,,Пак Денис Климентьевич,2017 г.,2022 г.
,Департамент бюджетной политики и финансов,Директор департамента,Труфанов Максим Юрьевич,декабрь 2019 г.,
,Департамент защиты государственной тайны,Директор департамента,Илларионов Игорь Валентинович,май 2015 г.,
,Департамент легкой промышленности и лесопромышленного комплекса,Директор департамента,Кусков Дмитрий Александрович,октябрь 2024 г.,
,Департамент легкой промышленности и лесопромышленного комплекса,Директор департамента,Хмырова Вера Геннадьевна,2021 г.,октябрь 2024 г.
,Департамент машиностроения для топливно-энергетического комплекса,Директор департамента,Кузнецов Михаил Викторович,2022 г.,ноябрь 2025 г.
,Департамент машиностроения для топливно-энергетического комплекса,Директор департамента,Грибов Евгений Евгеньевич,ноябрь 2025 г.,
,Департамент международной кооперации и лицензирования в сфере внешней торговли,Директор департамента,Чекушов Роман Андреевич,2021 г.,2024 г.
,Департамент металлургии и материалов,Директор департамента,Марков Иван Александрович,?,
,Департамент оборонно-промышленного комплекса,Директор департамента,Перегудов Андрей Александрович,?,
,"Департамент промышленности обычных вооружений, боеприпасов и спецхимии",Директор департамента,Постников Павел Андреевич,?,
,Департамент радиоэлектронной промышленности,Директор департамента,Шпак Василий Викторович,май 2019 г.,апрель 2021 г.
,Департамент развития внутренней торговли,Директор департамента,Кузнецов Никита Вячеславович,декабрь 2019 г.,
,Департамент развития фармацевтической и медицинской промышленности,Директор департамента,Галкин Дмитрий Сергеевич,,
,Департамент региональной промышленной политики,Директор департамента,Овсянников Дмитрий Владимирович,2014 г.,2015 г.
,Департамент регулирования внешней торговли и развития системы торгпредств,Директор департамента,Бармичев Владислав Олегович,?,
,Департамент системы цифровой маркировки товаров и легализации оборота продукции,Директор департамента,Заславский Владислав Валерьевич,2019 г.,
,Департамент станкостроения и тяжелого машиностроения,Директор департамента,Пивень Валерий Вячеславович,?,
,Департамент международного сотрудничества,Директор департамента,?,31.05.2017,
,Департамент стратегического развития и корпоративной политики,Директор департамента,Матушанский Алексей Владимирович,?,
,Департамент судостроительной промышленности и морской техники,Директор департамента,Абдыкеров Сергей Евгеньевич,2019 г.,
,Департамент химической промышленности,Директор департамента,Смирнов Артур Владимирович,2023 г.,
,Департамент цифровых технологий,Директор департамента,Дождев Владимир Святославич,декабрь 2018 г.,
,Юридический департамент,Директор департамента,Карпова Надежда Ивановна,декабрь 2019 г.,
,Управление протокола и пресс-службы,Начальник управления,Борщук Наталья Евгеньевна,?,
,Управление беспилотных систем и робототехники,Начальник управления,Сердюк Алексей Игоревич,?,
,"Управление сельскохозяйственного, пищевого и строительно-дорожного машиностроения",Начальник управления,Елкина Мария Игоревна,декабрь 2019 г.,
,"Управление государственной политики в сфере технического регулирования, стандартизации и обеспечения единства измерений",Начальник управления,Веснина Елена Николаевна,?,
,Департамент стратегического развития и проектного управления,Директор департамента,Осьмаков Василий Сергеевич,2012 г.,2016 г.
,Департамента станкостроения и инвестиционного машиностроения,Директор департамента,Иванов Михаил Игоревич,2016 г.,2020 г.
,,,,,
Министерство обороны,,Министр обороны,Иванов Сергей Борисович,28 марта 2001,15 февраля 2007
,,Министр обороны,Сердюков Анатолий Эдуардович,15 февраля 2007,6 ноября 2012
,,Министр обороны,Шойгу Сергей Кужугетович,6 ноября 2012,12 мая 2024
,,Министр обороны,Белоусов Андрей Рэмович,14 мая 2024,
Министрество спорта,,"Министр спорта ( с 12 мая 2008 года, - являлся министром спорта, туризма и молодёжной политики",Мутко Виталий Леонтьевич,21 мая 2012,8 октября 2016
,,Министр спорта,Колобков Павел Анатольевич,19 октября 2016,15 января 2020
,,Министр спорта,Матыцин Олег Васильевич,21 января 2020,7 мая 2024
,,Министр спорта,Дегтярёв Михаил Владимирович,14 мая 2024,
Министрество природных ресурсов и экологии,,Министр природных ресурсов и экологии,Трутнев Юрий Петрович,12 мая 2008,21 мая 2012
,,Министр природных ресурсов и экологии,Донской Сергей Ефимович,21 мая 2012,18 мая 2018
,,Министр природных ресурсов и экологии,Кобылкин Дмитрий Николаевич,18 мая 2018,9 ноября 2020
,,Министр природных ресурсов и экологии,Козлов Александр Александрович,10 ноября 2020,
Министрество внутренних дел,,Министр внутренних дел,Грызлов Борис Вячеславович,28 марта 2001,24 декабря 2003
,,Министр внутренних дел,Нургалиев Рашид Гумарович,9 марта 2004,21 мая 2012
,,Министр внутренних дел,Колокольцев Владимир Александрович,21 мая 2012,
Миинистрество труда и социальной защиты,,Министр труда и социальной защиты,Топилин Максим Анатольевич,21 мая 2012,21 января 2020
,,Министр труда и социальной защиты,Котяков Антон Олегович,21 января 2020,
Министерство здравоохранения и социального развития,,Министр здравоохраения и социального развития,Зурабов Михаил Юрьевич,9 марта 2004,24 сентября 2007
,,Министр здравоохраения и социального развития,Голикова Татьяна Алексеевна,24 сентября 2007,21 мая 2012
Министерство труда и социального развития,,Министр труда и социального развития,Починок Александр Петрович,18 мая 2000,9 марта 2004
Министерство просвещения,,Министр просвещения,Васильева Ольга Юрьевна,18 мая 2018,21 января 2020
,,Министр просвещения,Кравцов Сергей Сергеевич,21 января 2020,
"Министерство по делам гражданской обороны, чрезвычайным ситуациям и ликвидации последствий стихийных бедствий",,"Министр по делам гражданской обороны, чрезвычайным ситуациям и ликвидации последствий стихийных бедствий",Шойгу Сергей Кужугетович,,11 мая 2012
,,"Министр по делам гражданской обороны, чрезвычайным ситуациям и ликвидации последствий стихийных бедствий (и.о.)",Цаликов Руслан Хаджисмелович,11 мая 2012,17 мая 2012
,,"Министр по делам гражданской обороны, чрезвычайным ситуациям и ликвидации последствий стихийных бедствий",Пучков Владимир Андреевич,17 мая 2012,18 мая 2018
,,"Министр по делам гражданской обороны, чрезвычайным ситуациям и ликвидации последствий стихийных бедствий",Зиничев Евгений Николаевич,18 мая 2018,8 сентября 2021
,,"Министр по делам гражданской обороны, чрезвычайным ситуациям и ликвидации последствий стихийных бедствий (и.о.)",Чуприян Александр Петрович,10 сентября 2021,24 мая 2022
,,"Министр по делам гражданской обороны, чрезвычайным ситуациям и ликвидации последствий стихийных бедствий",Куренков Александр Вячеславович,25 мая 2022,
Министерство иностранных дел,,Министр иностранных дел,Иванов Игорь Сергеевич,,март 2004 г.
,,Министр иностранных дел,Лавров Сергей Викторович,9 марта 2004 г.,
Министерство сельского хозяйства,,Министр сельского хозяйства,Гордеев Алексей Васильевич,19 мая 2000,12 марта 2009
,,Министр сельского хозяйства,Скрынник Елена Борисовна,12 марта 2009,21 мая 2012
,,Министр сельского хозяйства,Фёдоров Николай Васильевич,21 мая 2012,22 апреля 2015
,,Министр сельского хозяйства,Ткачёв Александр Николаевич,22 апреля 2015,7 мая 2018
,,Министр сельского хозяйства,Патрушев Дмитрий Николаевич,18 мая 2018,7 мая 2024
,,Министр сельского хозяйства,Лут Оксана Николаевна,14 мая 2024,
Министерство культуры,,Министр культуры,Швыдкой Михаил Ефимович,8 февраля 2000,24 февраля 2004
,,Министр культуры,Авдеев Александр Алексеевич,12 мая 2008,7 мая 2012
,,Министр культуры,Мединский Владимир Ростиславович,21 мая 2012,15 января 2020
,,Министр культуры,Любимова Ольга Борисовна,21 января 2020,
Министерство здравоохранения,,Министр здравоохранения,Шевченко Юрий Леонидович,,9 марта 2004
,,Министр здравоохранения,Скворцова Вероника Игоревна,21 мая 2012,21 января 2020
,,Министр здравоохранения,Мурашко Михаил Альбертович,21 января 2020,
Министерство здравоохранения и социального развития,,Министр здравоохранения и социального развития,Зурабов Михаил Юрьевич,9 марта 2004,24 сентября 2007
Министерство строительства и жилищно-коммунального хозяйства,,Министр строительства и жилищно-коммунального хозяйства,Мень Михаил Александрович,1 ноября 2013,18 мая 2018
,,Министр строительства и жилищно-коммунального хозяйства,Якушев Владимир Владимирович,18 мая 2018,9 ноября 2020
,,Министр строительства и жилищно-коммунального хозяйства,Файзуллин Ирек Энварович,10 ноября 2020,
Министерство науки и высшего образования,,Министр науки и высшего образования,Котюков Михаил Михайлович,18 мая 2018,21 января 2020
,,Министр науки и высшего образования,Фальков Валерий Николаевич,21 января 2020,
Министерство образования и науки,,Министр образования и науки,Фурсенко Андрей Александрович,9 марта 2004,21 мая 2012
,,Министр образования и науки,Ливанов Дмитрий Викторович,21 мая 2012,19 августа 2016
,,Министр образования и науки,"Васильева, Ольга Юрьевна",19 августа 2016,15 мая 2018
Министерство образования,,Министр образования,Филиппов Владимир Михайлович,,9 марта 2004
Министерство энергетики,,Министр энергетики,Гаврин Александр Сергеевич,20 мая 2000,5 февраля 2001
,,Министр энергетики,Юсуфов Игорь Ханукович,16 июня 2001,9 марта 2004
,,Министр энергетики,Шматко Сергей Иванович,12 мая 2008,21 мая 2012
,,Министр энергетики,Новак Александр Валентинович,21 мая 2012,10 ноября 2020
,,Министр энергетики,Шульгинов Николай Григорьевич,10 ноября 2020,14 мая 2024
,,Министр энергетики,Цивилев Сергей Евгеньевич,14 мая 2024,
Министерство промышленности и энергетики,,Министр промышленности и энергетики,Христенко Виктор Борисович,9 марта 2004,12 мая 2008
Министерство по развитию Дальнего Востока и Арктики,,Министр по развитию Дальнего Востока и Арктики,Ишаев Виктор Иванович,21 мая 2012,31 августа 2013
,,Министр по развитию Дальнего Востока и Арктики,Галушка Александр Сергеевич,11 сентября 2013,18 мая 2018
,,Министр по развитию Дальнего Востока и Арктики,Козлов Александр Александрович,18 мая 2018,10 ноября 2020
,,Министр по развитию Дальнего Востока и Арктики,Чекунов Алексей Олегович,10 ноября 2020,
Министерство юстиции,,Министр юстиции,Чайка Юрий Яковлевич,,23 июня 2006
,,Министр юстиции,Устинов Владимир Васильевич,23 июня 2006,12 мая 2008
,,Министр юстиции,Коновалов Александр Владимирович,12 мая 2008,21 января 2020
,,Министр юстиции,Чуйченко Константин Анатольевич,21 января 2020,
"Министерство цифрового развития, связи и массовых коммуникаций",,"Министр цифрового развития, связи и массовых коммуникаций",Носков Константин Юрьевич,18 мая 2018,21 января 2020
,,"Министр цифрового развития, связи и массовых коммуникаций",Шадаев Максут Игоревич,21 января 2020,
Министерство РФ по связи и информатизации,,Министр по связи и информатизации,Рейман Леонид Дододжонович,,9 марта 2004
Министерство транспорта и связи,,Министр транспорта и связи,Левитин Игорь Евгеньевич,9 марта 2004,20 мая 2004
Министерство информационных технологий и связи,,Министр информационных технологий и связи РФ,Рейман Леонид Дододжонович,20 мая 2004,12 мая 2008
Министерство связи и массовых коммуникаций,,Министр связи и массовых коммуникаций,Щеголев Игорь Олегович,12 мая 2008,21 мая 2012
,,Министр связи и массовых коммуникаций,Никифоров Николай Анатольевич,21 мая 2012,15 мая 2018
,,,,,
Центральный Банк России,,Председатель,Геращенко Виктор Владимирович,,20 марта 2002 г.
,,Председатель,Игнатьев Сергей Михайлович,20 марта 2002 г.,23 июня 2013
,,Председатель,Набиуллина Эльвира Сахипзадовна,24 июня 2013,
,,Первый заместитель Председателя,Козлов Андрей Андреевич,апреля 2002 г.,2006 г.
,,Первый заместитель Председателя,Симановский Алексей Юрьевич,2 февраля 2012 г.,16 октября 2016 г.
,,Первый заместитель Председателя,"Тулин Дмитрий
 Владиславович",2015 г.,
,,Первый заместитель Председателя,"Чистюхин Владимир
 Викторович",17 января 2022 г.,
,,Заместитель Председателя,Симановский Алексей Юрьевич,2011 г.,2012 г.
,,Заместитель Председателя,"Чистюхин Владимир
 Викторович",февраль 2014 г.,17 января 2022 г.
,,Заместитель Председателя,"Габуния Филипп
 Георгиевич",17 января 2022 г.,
,,Статс-секретарь — заместитель Председателя Банка России,"Гузнов Алексей
 Геннадьевич",2022 г.,
,,Заместитель Председателя,"Заботкин Алексей
 Борисович",июнь 2020 г.,
,,Заместитель Председателя,"Полякова Ольга
 Васильевна",,
,,Начальник Главного управления Банка России по Центральному федеральному округу,"Марданов Рустэм
 Хабибович",1 мая 2023 г.,
,,Начальник Волго-Вятского главного управления Банка России,"Павлова Лариса
 Вальтеровна",январь 2015 г.,
,,Советник Председателя Банка России,"Симановский Алексей
 Юрьевич",17 октября 2016 г.,
,Департамент статистики,Директор департамента,Васильева Галина Геннадиевна,?,
,Департамент исследований и прогнозирования,Директор департамента,Морозов Александр Геннадьевич,2015 г.,
,Департамент наличного денежного обращения,Директор департамента,Прокофьев Василий Иванович,3 апреля 2023,
,Департамент национальной платежной системы,Директор департамента,Бакина Алла Станиславовна,2014 г.,
,Департамент бухгалтерского учета и отчетности,Директор департамента,Грановская Ирина Юрьевна,19 февраля 2019,
,Департамент регулирования бухгалтерского учета,Директор департамента,Волошина Мария Сергеевна,1 октября 2018,
,Департамент допуска и прекращения деятельности финансовых организаций,Директор департамента,Тяжельникова Людмила Александровна,февраль 2017 г.,
,Департамент финансового оздоровления,Директор департамента,Жданов Александр Юрьевич,июня 2017,
,Департамент корпоративных отношений,Директор департамента,Абашеева Екатерина Николаевна,января 2024,
,Служба анализа рисков,Руководитель службы,Дымов Александр Петрович,24 марта 2017,
,Департамент банковского регулирования и аналитики,Директор департамента,Данилов Александр Сергеевич,25 ноября 2021,
,Департамент надзора за системно значимыми кредитными организациями,Директор департамента,Любомудров Максим Германович,27 мая 2021,
,Служба текущего банковского надзора,Руководитель службы,Лунев Александр Валерьевич,март 2024 г.,
,Главная инспекция Банка России,Руководитель,Ветохин Алексей Валериевич,3 февраля 2022,
,Департамент операций на финансовых рынках,Директор департамента,Каштуров Александр Владимирович,2011 г.,
,Операционный департамент,Директор департамента,Попов Александр Владимирович,3 февраля 2020,
,Департамент финансовой стабильности,Директор департамента,Данилова Елизавета Олеговна,30 марта 2018,
,Служба финансового мониторинга и валютного контроля,Руководитель службы,Шабля Богдан Александрович,февраль 2024 г.,
,Департамент денежно-кредитной политики,Директор департамента,"Заботкин Алексей
 Борисович",2018 г.,2020 г.
,Департамент денежно-кредитной политики,Директор департамента,Ганган Андрей Васильевич,2 октября 2024,
,Департамент стратегического развития финансового рынка,Директор департамента,Лозгачева Екатерина Николаевна,16 ноября 2023,
,Департамент страхового рынка,Директор департамента,"Габуния Филипп
 Георгиевич",15 мая 2018,17 января 2022
,Департамент страхового рынка,Директор департамента,Смирнов Илья Владимирович,12 апреля 2023,
,Департамент инвестиционных финансовых посредников,Директор департамента,Шишлянникова Ольга Юрьевна,2021 г.,
,Департамент инфраструктуры финансового рынка,Директор департамента,Пронин Кирилл Валерьевич,июнь 2023 г.,
,Департамент небанковского кредитования (до 2023 г. Департамент микрофинансового рынка),Директор департамента,Кочетков Илья Александрович,октябрь 2023 год,
,"Департамент данных, проектов и процессов",Директор департамента,Балакин Михаил Дмитриевич,28 февраля 2024 г.,
,Служба по защите прав потребителей и обеспечению доступности финансовых услуг,Руководитель службы,Мамута Михаил Валерьевич,апрель 2016 г.,
,Юридический департамент,Директор департамента,"Гузнов
 Алексей
 Геннадьевич",2014 г.,2022 г.
,Юридический департамент,Директор департамента,Медведев Андрей Валериевич,январь 2023 г.,
,Департамент полевых учреждений,Директор департамента,Литвиненко Алексей Викторович,21 июля 2022,
,Департамент информационных технологий,Директор департамента,Кахруманова Зульфия Нукербековна,июль 2015 г.,29 апреля 2025
,Департамент информационных технологий,Директор департамента,Балуев Руслан,29 апреля 2025,
,Департамент финансовых технологий,Директор департамента,Пронин Кирилл Валерьевич,2021 г.,2023 г.
,Департамент финансовых технологий,Директор департамента,Булатов Руслан Ринатович,октябрь 2025 г.,
,Департамент кадровой политики,Директор департамента,Тихонова Татьяна Адольфовна,декабрь 2022 г.,
,Департамент внутреннего аудита,Директор департамента,Суриков Николай Николаевич,2014 г.,
,Департамент организации международных расчетов,Директор департамента,Ковригин Михаил Анатольевич,5 апреля 2023 г.,
,Департамент сотрудничества с международными организациями,Директор департамента,Хайдаршина Гульнара Артуровна,ноябрь 2023 г.,
,Департамент по связям с общественностью,Директор департамента,Рыклина Марина Владимировна,1 сентября 2015 г.,
,Департамент закупок Банка России,Директор департамента,Тимошенко Мария Валерьевна,23 октября 2020 г.,
,Департамент недвижимости Банка России,Директор департамента,?,,
,Департамент информационной безопасности,Директор департамента,Уваров Вадим Александрович,2018 г.,
,Университет Банка России,Директор Университета,Афонин Андрей Юрьевич,июнь 2018 г.,
,,,,,
Министерство по налогам и сборам РФ (МНС России),,Министр по налогам и сборам РФ,Починок Александр Петрович,,18 мая 2000
,,Министр по налогам и сборам РФ,Букаев Геннадий Иванович,18 мая 2000,24 февраля 2004
,,Министр по налогам и сборам РФ (и.о.),Сердюков Анатолий Эдуардович,16 марта 2004,26 июля 2004
Федеральная налоговая служба (ФНС России),,Руководитель ФНС России,Сердюков Анатолий Эдуардович,27 июля 2004,19 февраля 2007
,,Руководитель ФНС России,Мокрецов Михаил Павлович,21 февраля 2007,6 апреля 2010
,,Руководитель ФНС России,Мишустин Михаил Владимирович,6 апреля 2010,16 января 2020
,,Руководитель ФНС России,Егоров Даниил Вячеславович,17 января 2020,
Федеральная таможенная служба (ФТС России),,Руководитель ФТС России,Жерихов Александр Егорович,6 июля 2004,12 мая 2006
,,Руководитель ФТС России,Бельянинов Андрей Юрьевич,12 мая 2006,28 июля 2016
,,Руководитель ФТС России,Булавин Владимир Иванович,28 июля 2016,10 февраля 2023
,,Руководитель ФТС России (врио),Давыдов Руслан Валентинович,10 февраля 2023,14 мая 2024
,,Руководитель ФТС России,Пикалёв Валерий Иванович,14 мая 2024,
Федеральное казначейство (Казначейство России),,Руководитель Федерального казначейства,Нестеренко Татьяна Геннадьевна,январь 2005 г.,28 сентября 2007
,,Руководитель Федерального казначейства,Артюхин Роман Евгеньевич,октябрь 2007 г.,
Федеральное агентство по управлению государственным имуществом (Росимущество),,Руководитель Росимущества,Газизуллин Фарит Рафикович,,24 февраля 2004
,,Руководитель Росимущества,Назаров Валерий Львович,март 2004 г.,25 мая 2008
,,Руководитель Росимущества,Петров Юрий Александрович,26 мая 2008,декабрь 2011 г.
,,Руководитель Росимущества (и.о.),Никитин Глеб Сергеевич,декабрь 2011 г.,28 июня 2012
,,Руководитель Росимущества,Дергунова Ольга Константиновна,29 июня 2012,12 апреля 2016
,,Руководитель Росимущества,Пристансков Дмитрий Владимирович,20 апреля 2016,21 декабря 2018
,,Руководитель Росимущества,Яковенко Вадим Владимирович,21 декабря 2018,
"Федеральная служба по надзору в сфере связи, информационных технологий и массовых коммуникаций (Роскомнадзор)",,Руководитель Роскомнадзора,Ситников Сергей Константинович,8 декабря 2008 г.,13 апреля 2012 г.
,,Руководитель Роскомнадзора,Жаров Александр Александрович,3 мая 2012 г.,23 марта 2020 г.
,,Руководитель Роскомнадзора,Липов Андрей Юрьевич,29 марта 2020 г.,
,,,,,
Федеральная служба государственной статистики (Росстат),,Руководитель Росстата,Соколин Владимир Леонидович,март 2004 г.,декабрь 2009 г.
,,Руководитель Росстата,Суринов Александр Евгеньевич,3 декабря 2009 г.,24 декабря 2018 г.
,,Руководитель Росстата,Малков Павел Викторович,24 декабря 2018 г.,10 мая 2022 г.
,,Руководитель Росстата,Галкин Сергей Сергеевич,11 мая 2022 г.,
Федеральная служба по финансовому мониторингу (Росфинмониторинг),,Руководитель Росфинмониторинга,Зубков Виктор Алексеевич,2001 г.,2007 г.
,,Руководитель Росфинмониторинга,Марков Олег Александрович,14 сентября 2007,26 сентября 2007
,,Руководитель Росфинмониторинга,Чиханчин Юрий Анатольевич,22 мая 2008,
Федеральная антимонопольная служба (ФАС России),,Руководитель службы,Артемьев Игорь Юрьевич,10 марта 2004,11 ноября 2020
,,Руководитель службы,Шаскольский Максим Алексеевич,11 ноября 2020,
,,,,,
Персональный состав Правительства,,Председатель Правительства,Путин Владимир Владимирович,26 августа 1999,7 мая 2000
,,Председатель Правительства,Касьянов Михаил Михайлович,7 мая 2000,24 февраля 2004
,,Председатель Правительства,Христенко Виктор Борисович,24 февраля 2004,5 марта 2004
,,Председатель Правительства,Фрадков Михаил Ефимович,12 мая 2004,14 сентября 2007
,,Председатель Правительства,Зубков Виктор Алексеевич,14 сентября 2007,8 мая 2008
,,Председатель Правительства,Медведев Дмитрий Анатольевич,8 мая 2012,16 января 2020
,,Председатель Правительства,Мишустин Михаил Владимирович,16 января 2020,
,,Первый заместитель Председателя Правительства,Аксененко Николай Емельянович,,10 января 2000 г.
,,Первый заместитель Председателя Правительства,Христенко Виктор Борисович,,10 января 2000 г.
,,Первый заместитель Председателя Правительства,Касьянов Михаил Михайлович,17 мая 2000 г.,24 февраля 2004 г.
,,Первый заместитель Председателя Правительства,Медведев Дмитрий Анатольевич,14 ноября 2005,7 мая 2008
,,Первый заместитель Председателя Правительства,Иванов Сергей Борисович,14 ноября 2005,16 февраля 2007
,,Первый заместитель Председателя Правительства,Зубков Виктор Алексеевич,12 мая 2008,21 мая 2012 г.
,,Первый заместитель Председателя Правительства,Шувалов Игорь Иванович,12 мая 2008,18 мая 2018
,,Первый заместитель Председателя Правительства,Силуанов Антон Германович,18 мая 2018,21 января 2020
,,Первый заместитель Председателя Правительства,Белоусов Андрей Рэмович,21 января 2020,7 мая 2024
,,Первый заместитель Председателя Правительства,Мантуров Денис Валентинович,14 мая 2024,
,,Заместитель Председателя Правительства,Клебанов Илья Иосифович,,18 февраля 2002 г.
,,Заместитель Председателя Правительства,Матвиенко Валентина Ивановна,,11 марта 2003 г.
,,Заместитель Председателя Правительства,Щербак Владимир Николаевич,,7 мая 2000 г.
,,Заместитель Председателя Правительства,Христенко Виктор Борисович,,9 марта 2004 г.
,,Заместитель Председателя Правительства,Шойгу Сергей Кужугетович,10 января 2000 г.,7 мая 2000 г.
,,Заместитель Председателя Правительства,Кудрин Алексей Леонидович,18 мая 2000 г.,2011 г.
,,Заместитель Председателя Правительства,Гордеев Алексей Васильевич,19 мая 2000 г.,9 марта 2004 г.
,,Заместитель Председателя Правительства,Алешин Борис Сергеевич,24 апреля 2003 г.,9 марта 2004 г.
,,Заместитель Председателя Правительства,Карелова Галина Николаевна,24 апреля 2003 г.,9 марта 2004 г.
,,Заместитель Председателя Правительства,Яковлев Владимир Анатольевич,16 июня 2003,9 марта 2004
,,Заместитель Председателя Правительства,Жуков Александр Дмитриевич,9 марта 2004,20 декабря 2011
,,Заместитель Председателя Правительства,Иванов Сергей Борисович,14 ноября 2005,16 февраля 2007
,,Заместитель Председателя Правительства,Нарышкин Сергей Евгеньевич,15 февраля 2007,12 мая 2008
,,Заместитель Председателя Правительства,Сечин Игорь Иванович,12 мая 2008 г.,21 мая 2012 г.
,,Заместитель Председателя Правительства,Козак Дмитрий Николаевич,14 октября 2008,15 января 2020
,,Заместитель Председателя Правительства,Хлопонин Александр Геннадиевич,19 января 2010,18 мая 2018
,,Заместитель Председателя Правительства,Рогозин Дмитрий Олегович,23 декабря 2011,18 мая 2018
,,Заместитель Председателя Правительства,Сурков Владислав Юрьевич,27 декабря 2011,21 мая 2012
,,Заместитель Председателя Правительства,Дворкович Аркадий Владимирович,21 мая 2012,18 мая 2018
,,Заместитель Председателя Правительства,Голодец Ольга Юрьевна,21 мая 2012,15 января 2020
,,Заместитель Председателя Правительства,Приходько Сергей Эдуардович,22 мая 2013,18 мая 2018
,,Заместитель Председателя Правительства,Мутко Виталий Леонтьевич,19 октября 2016,15 января 2020
,,Заместитель Председателя Правительства,Акимов Максим Алексеевич,18 мая 2018,15 января 2020
,,Заместитель Председателя Правительства,Гордеев Алексей Васильевич,18 мая 2018,15 января 2020
,,Заместитель Председателя Правительства,Чуйченко Константин Анатольевич,18 мая 2018,15 января 2020
,,Заместитель Председателя Правительства,Борисов Юрий Иванович,18 мая 2018,15 января 2020
,,Заместитель Председателя Правительства,Абрамченко Виктория Валериевна,21 января 2020,7 мая 2024
,,Заместитель Председателя Правительства – полномочный представитель Президента в Дальневосточном федеральном округе,Трутнев Юрий Петрович,31 августа 2013,
,,Заместитель Председателя Правительства,Голикова Татьяна Алексеевна,18 мая 2018,
,,Заместитель Председателя Правительства,Чернышенко Дмитрий Николаевич,21 января 2020,
,,Заместитель Председателя Правительства,Хуснуллин Марат Шакирзянович,21 января 2020,
,,Заместитель Председателя Правительства,Оверчук Алексей Логвинович,21 января 2020,
,,Заместитель Председателя Правительства,Григоренко Дмитрий Юрьевич,21 января 2020,
,,Заместитель Председателя Правительства,Новак Александр Валентинович,10 ноября 2020,
,,Заместитель Председателя Правительства,Патрушев Дмитрий Николаевич,14 мая 2024,
,,Заместитель Председателя Правительства,Савельев Виталий Геннадьевич,14 мая 2024,
Аппарат Правительства,,Руководитель Аппарата правительства,Шувалов Игорь Иванович,18 мая 2000,28 мая 2003
,,Руководитель Аппарата правительства,Мерзликин Константин Эдуардович,28 мая 2003,25 февраля 2004
,,Руководитель Аппарата правительства,Синелин Михаил Анатольевич,25 февраля 2004,9 марта 2004
,,Руководитель Аппарата правительства,Козак Дмитрий Николаевич,9 марта 2004,13 сентября 2004
,,Руководитель Аппарата правительства,Нарышкин Сергей Евгеньевич,13 сентября 2004,12 мая 2008
,,Руководитель Аппарата правительства,Володин Вячеслав Викторович,21 октября 2010,27 декабря 2011
,,Руководитель Аппарата Правительства,Собянин Сергей Семенович,12 мая 2008,21 октября 2010
,,Руководитель Аппарата Правительства,Вайно Антон Эдуардович,27 декабря 2011,21 мая 2012
,,Руководитель Аппарата Правительства,Сурков Владислав Юрьевич,21 мая 2012,8 мая 2013
,,Руководитель Аппарата Правительства,Приходько Сергей Эдуардович,22 мая 2013,18 мая 2018
,,Руководитель Аппарата Правительства,Чуйченко Константин Анатольевич,18 мая 2018,21 января 2020
,,Руководитель Аппарата Правительства,Григоренко Дмитрий Юрьевич,21 января 2020,
,,Первый заместитель Руководителя Аппарата Правительства,Синелин Михаил Анатольевич,июль 2003 г.,?
,,Первый заместитель Руководителя Аппарата Правительства,Акимов Максим Алексеевич,24 мая 2013,18 мая 2018
,,Первый заместитель Руководителя Аппарата Правительства,Приходько Сергей Эдуардович,18 мая 2018,21 января 2020
,,Первый заместитель Руководителя Аппарата Правительства,Левин Леонид Леонидович,17 мая 2024,
,,Первый заместитель Руководителя Аппарата Правительства,Сидоренко Валерий Валерьевич,22 января 2020,
,,Заместитель Руководителя Аппарата Правительства,Волин Алексей Константинович,июнь 2000 г.,2003 г.
,,Заместитель Руководителя Аппарата Правительства,Кигим Андрей Степанович,22 сентября 2003,19 марта 2004
,,Заместитель Руководителя Аппарата Правительства,,,
,,Заместитель Руководителя Аппарата Правительства,Андрющенко Светлана Николаевна,январь 2020 г.,
,,Заместитель Руководителя Аппарата Правительства,Вельмяйкин Сергей Федорович,17 мая 2024,
,,Заместитель Руководителя Аппарата Правительства,Грибов Александр Сергеевич,23 января 2020,
,,Заместитель Руководителя Аппарата Правительства,Кривонос Ольга Владимировна,2019 г.,
,,Заместитель Руководителя Аппарата Правительства,Молчанов Денис Владимирович,17 мая 2024,
,,Руководитель протокола Председателя Правительства Российской Федерации – заместитель Руководителя Аппарата Правительства Российской Федерации,Савина Наталья Александровна,22 января 2020,
,,Руководитель аппарата коллегии Военно-промышленной комиссии Российской Федерации - заместитель Руководителя Аппарата Правительства Российской Федерации,Стежка Богдан Васильевич,?,
,,Заместитель Руководителя Аппарата Правительства,Тагиров Эльмир Тагирович,22 января 2020,
,,Заместитель Руководителя Аппарата Правительства,Трунин Илья Вячеславович,22 января 2020,
,,Заместитель Руководителя Аппарата Правительства,Уваров Алексей Константинович,22 января 2020,
,,Заместитель Руководителя Аппарата Правительства,Чепурина Ольга Николаевна,22 января 2020,
,,Заместитель Руководителя Аппарата Правительства,Шевченко Игорь Викторович,22 января 2020,
,,Пресс-секретарь Председателя Правительства Российской Федерации – директор департамента пресс-службы и референтуры Правительства Российской Федерации,Беляков Борис Вадимович,22 января 2020,
,Секретариат Председателя Правительства Российской Федерации М.В.Мишустина,Руководитель,Кротов Андрей Владиславович,25 октября 2010,
,Секретариат Первого заместителя Председателя Правительства Российской Федерации Д.В.Мантурова,Руководитель,Голованов Ян Станиславович,?,
,Секретариат Заместителя Председателя Правительства - Руководителя Аппарата Правительства Российской Федерации Д.Ю.Григоренко,Руководитель,"Решетников Николай
 Николаевич",24 мая 2012,
,Секретариат Заместителя Председателя Правительства Российской Федерации Т.А.Голиковой,Руководитель,Рожкова Елена Анатольевна,?,
,Секретариат Заместителя Председателя Правительства Российской Федерации А.В.Новака,Руководитель,Капник Дмитрий Леонидович,?,
,Секретариат Заместителя Председателя Правительства Российской Федерации А.Л.Оверчука,Руководитель,"Ливадный Павел
 Валерьевич",?,
,Секретариат Заместителя Председателя Правительства Российской Федерации Д.Н.Патрушева,Руководитель,Кругликов Николай Витальевич,?,
,Секретариат Заместителя Председателя Правительства Российской Федерации В.Г.Савельева,Руководитель,Самолетов Анатолий Викторович,?,
,Секретариат Заместителя Председателя Правительства Российской Федерации - полномочного представителя Президента Российской Федерации в Дальневосточном федеральном округе Ю.П.Трутнева,Руководитель,Задворнов Игорь Анатольевич,?,
,Секретариат Заместителя Председателя Правительства Российской Федерации М.Ш.Хуснуллина,Руководитель,Дияров Ильнур Ильсурович,?,
,Секретариат Заместителя Председателя Правительства Российской Федерации Д.Н.Чернышенко,Руководитель,Шеменев Виталий Владимирович,?,
,Аппарат коллегии Военно-промышленной комиссии Российской Федерации,Руководитель,Стежка Богдан Васильевич,?,
,Департамент документационного обеспечения Правительства Российской Федерации,Директор департамента,Мирошникова Инна Анатольевна,?,
,Департамент здравоохранения Правительства Российской Федерации,Директор департамента,?,?,
,Департамент информационных технологий Правительства Российской Федерации,Директор департамента,Комар Евгений Викторович,?,
,Департамент кадров Правительства Российской Федерации,Директор департамента,Вишняков Александр Игоревич,?,
,Департамент контроля Правительства Российской Федерации,Директор департамента,Майданская Юлия Леонидовна,?,
,"Департамент культуры, спорта, туризма и национальной политики Правительства Российской Федерации",Директор департамента,Щербак Карина Викторовна,?,
,Департамент по обеспечению деятельности административных органов Правительства Российской Федерации,Директор департамента,Беседа Александр Сергеевич,?,
,Департамент обеспечения регуляторной политики Правительства Российской Федерации,Директор департамента,Спиридонов Андрей Алексеевич,?,
,Департамент оборонно-промышленного комплекса Правительства Российской Федерации,Директор департамента,Архипов Николай Федорович,?,
,Департамент обеспечения деятельности Правительства Российской Федерации,Директор департамента,Адамчук Сергей Андреевич,?,
,Департамент правового обеспечения Правительства Российской Федерации,Директор департамента,Боженова Евгения Викторовна,?,
,Департамент пресс-службы и референтуры Правительства Российской Федерации,Директор департамента,Беляков Борис Вадимович,?,
,"Департамент природных ресурсов, земельных отношений и агропромышленного комплекса Правительства Российской Федерации",Директор департамента,Ковалева Елена Леонидовна,?,
,Департамент проектной деятельности Правительства Российской Федерации,Директор департамента,Левитская Юлия Германовна,?,
,Департамент промышленности Правительства Российской Федерации,Директор департамента,Набиев Ильмир Рифович,?,
,"Департамент просвещения, высшего образования и науки Правительства Российской Федерации",Директор департамента,Синюгина Татьяна Юрьевна,?,
,Департамент протокольного обеспечения Правительства Российской Федерации,Директор департамента,Валяев Александр Викторович,?,
,Департамент развития международного сотрудничества Правительства Российской Федерации,Директор департамента,Кузнецов Виктор Игоревич,?,
,Департамент регионального развития Правительства Российской Федерации,Директор департамента,Васильев Вадим Викторович,?,
,Департамент сопровождения законопроектной деятельности и нормативно-правового регулирования Правительства Российской Федерации,Директор департамента,Степанов Павел Владимирович,?,
,Департамент социального развития Правительства Российской Федерации,Директор департамента,?,?,
,Департамент строительства Правительства Российской Федерации,Директор департамента,Иванова Светлана Владимировна,?,
,Департамент транспорта Правительства Российской Федерации,Директор департамента,Мещеряков Анатолий Анатольевич,?,
,Департамент формирования государственного оборонного заказа Правительства Российской Федерации,Директор департамента,Наконечный Борис Михайлович,?,
,Департамент экономического развития и финансов Правительства Российской Федерации,Директор департамента,Толоко Василий Борисович,?,
,Департамент энергетики Правительства Российской Федерации,Директор департамента,Ливинский Павел Анатольевич,?,
,Департамент экономики,Директор департамента,Белецкий Юрий Владимирович,сентябрь 2003 г.,?
,Сводно-аналитический департамент Правительства Российской Федерации,Директор департамента,Буряк Александр Сергеевич,?,
,Управление развития приоритетных территорий Правительства Российской Федерации,Начальник,Половинка Владислав Васильевич,?,
,Управление экспертизы и планирования Правительства Российской Федерации,Начальник,Комаров Владимир Михайлович,?,
Администрация Президента,,Руководитель Администрации Президента,Волошин Александр Стальевич,,30 октября 2003 г.
,,Руководитель Администрации Президента,Медведев Дмитрий Анатольевич,30 октября 2003 г.,14 ноября 2005 г.
,,Руководитель Администрации Президента,Собянин Сергей Семенович,14 ноября 2005 г.,7 мая 2008 г.
,,Руководитель Администрации Президента,Нарышкин Сергей Евгеньевич,12 мая 2008 г.,20 декабря 2011 г.
,,Руководитель Администрации Президента,Иванов Сергей Борисович,22 декабря 2011 г.,12 августа 2016 г.
,,Руководитель Администрации Президента,Вайно Антон Эдуардович,12 августа 2016 г.,
,,Первый заместитель Руководителя Администрации Президента,Шабдурасулов Игорь Владимирович,,15 июля 2000 г.
,,Первый заместитель Руководителя Администрации Президента,Медведев Дмитрий Анатольевич,3 июня 2000,30 октября 2003
,,Первый заместитель Руководителя Администрации Президента,Козак Дмитрий Николаевич,30 октября 2003,9 марта 2004
,,Первый заместитель Руководителя Администрации Президента,Сурков Владислав Юрьевич,12 мая 2008,27 декабря 2011
,,Первый заместитель Руководителя Администрации Президента,Володин Вячеслав Викторович,27 декабря 2011,5 октября 2016
,,Первый заместитель Руководителя Администрации Президента,Громов Алексей Алексеевич,21 мая 2012,
,,Первый заместитель Руководителя Администрации Президента,Кириенко Сергей Владиленович,5 октября 2016,
,,заместитель Руководителя Администрации Президента,Сурков Владислав Юрьевич,,май.08
,,заместитель Руководителя Администрации Президента,Абрамов Александр Сергеевич,,26 марта 2004 г.
,,заместитель Руководителя Администрации Президента,Сечин Игорь Иванович,,7 мая 2008 г.
,,заместитель Руководителя Администрации Президента,Медведев Дмитрий Анатольевич,,7 мая 2000 г.
,,заместитель Руководителя Администрации Президента,Иванов Виктор Петрович,5 января 2000 г.,26 марта 2004 г.
,,заместитель Руководителя Администрации Президента,Козак Дмитрий Николаевич,4 июня 2000,30 октября 2003 г.
,,заместитель Руководителя Администрации Президента,Шувалов Игорь Иванович,30 октября 2003 г.,26 марта 2004 г.
,,заместитель Руководителя Администрации Президента,Назаров Валерий Львович,12 января 2004 г.,12 марта 2004 г.
,,заместитель Руководителя Администрации Президента,Громов Алексей Алексеевич,12 мая 2008 г.,21 мая 2012 г.
,,заместитель Руководителя Администрации Президента,Беглов Александр Дмитриевич,12 мая 2008 г.,23 мая 2012 г.
,,заместитель Руководителя Администрации Президента,Вайно Антон Эдуардович,22 мая 2012 г.,12 августа 2016 г.
,,заместитель Руководителя Администрации Президента,Козак Дмитрий Николаевич,24 января 2020,8 сентября 2025
,,заместитель Руководителя Администрации Президента,"Магомедов
 Магомедсалам Магомедалиевич",28 января 2013 г.,
,,заместитель Руководителя Администрации Президента,"Орешкин
 Максим Станиславович",14 мая 2024 г.,
,,заместитель Руководителя Администрации Президента,"Островенко
 Владимир Евгеньевич",12 августа 2016 г.,
,,заместитель Руководителя Администрации Президента – пресс-секретарь Президента,"Песков
 Дмитрий Сергеевич",22 мая 2012 г.,
,,помощник Президента,Приходько Сергей Эдуардович,26 марта 2004 г.,21 мая 2012 г.
,,помощник Президента,Сергеев Игорь Дмитриевич,28 марта 2001 г.,30 марта 2004 г.
,,помощник Президента,Шувалов Игорь Иванович,28 мая 2003 г.,7 мая 2008 г.
,,помощник Президента,Аслаханов Асламбек Ахмедович,16 сентября 2003,30 марта 2004 г.
,,помощник Президента,Сурков Владислав Юрьевич,26 марта 2004 г.,18 февраля 2020 г.
,,помощник Президента,Сечин Игорь Иванович,26 марта 2004 г.,23 мая 2012 г.
,,помощник Президента,Абрамов Александр Сергеевич,26 марта 2004 г.,23 мая 2012 г.
,,помощник Президента,Иванов Виктор Петрович,26 марта 2004 г.,7 мая 2008 г.
,,помощник Президента,Поллыева Джахан Реджеповна,26 марта 2004,13 января 2011 г.
,,помощник Президента,Беглов Александр Дмитриевич,27 мая 2004 г.,7 мая 2008 г.
,,помощник Президента,Дворкович Аркадий Владимирович,13 мая 2008 г.,21 мая 2012 г.
,,помощник Президента,Чуйченко Константин Анатольевич,13 мая 2008 г.,18 мая 2018 г.
,,помощник Президента,Марков Олег Александрович,16 мая 2008,23 мая 2012 г.
,,помощник Президента,Голикова Татьяна Алексеевна,21 мая 2012,20 сентября 2013
,,помощник Президента,Набиуллина Эльвира Сахипзадовна,21 мая 2012,24 июня 2013
,,помощник Президента,Трутнев Юрий Петрович,21 мая 2012,31 августа 2013
,,помощник Президента,Щеголев Игорь Олегович,21 мая 2012,26 июня 2018
,,помощник Президента,Школов Евгений Михайлович,23 мая 2012,13 июня 2018
,,помощник Президента,Белоусов Андрей Рэмович,24 июня 2013,24 января 2020
,,помощник Президента,Левитин Игорь Евгеньевич,2 сентября 2013,14 мая 2024
,,помощник Президента,Кожин Владимир Игоревич,12 мая 2014,13 июня 2018
,,помощник Президента,Цуканов Николай Николаевич,25 декабря 2017,26 июня 2018
,,помощник Президента,Серышев Анатолий Анатольевич,13 июня 2018,12 октября 2021
,,помощник Президента,Орешкин Максим Станиславович,24 января 2020,14 мая 2024
,,помощник Президента,Дюмин Алексей Геннадьевич,14 мая 2024 г.,
,,помощник Президента,Мединский Владимир Ростиславович,24 января 2020 г.,
,,помощник Президента,Миронов Дмитрий Юрьевич,12 октября 2021 г.,
,,помощник Президента,Патрушев Николай Платонович,14 мая 2024 г.,
,,помощник Президента,Ушаков Юрий Викторович,май 2012 г.,
,,помощник Президента,Фурсенко Андрей Александрович,21 мая 2012,
,,помощник Президента,Эдельгериев Руслан Сайд-Хусайнович,14 мая 2024 г.,
,,помощник Президента – начальник Государственно-правового управления Президента,Брычева Лариса Игоревна,27 марта 2004 г.,
,,помощник Президента – начальник Референтуры Президента,Калимулин Дмитрий Рафаэльевич,13 июня 2018 г.,
,,помощник Президента – начальник Контрольного управления Президента,Шальков Дмитрий Владиславович,13 июня 2018 г.,
,,руководитель протокола Президента,Китаев Владислав Николаевич,сентябрь 2016 г.,
,,полномочный представитель Президента в Центральном федеральном округе,Полтавченко Георгий Сергеевич,18 мая 2000,31 августа 2011
,,полномочный представитель Президента в Центральном федеральном округе,Говорун Олег Маркович,6 сентября 2011,21 мая 2012
,,полномочный представитель Президента в Центральном федеральном округе,Беглов Александр Дмитриевич,23 мая 2012,25 декабря 2017
,,полномочный представитель Президента в Центральном федеральном округе,Гордеев Алексей Васильевич,25 декабря 2017,18 мая 2018
,,полномочный представитель Президента в Центральном федеральном округе,Щеголев Игорь Олегович,26 июня 2018 г.,
,,полномочный представитель Президента в Южном федеральном округе,Казанцев Виктор Германович,18 мая 2000,9 марта 2004
,,полномочный представитель Президента в Южном федеральном округе,Яковлев Владимир Анатольевич,9 марта 2004,13 сентября 2004
,,полномочный представитель Президента в Южном федеральном округе,Козак Дмитрий Николаевич,13 сентября 2004,24 сентября 2007
,,полномочный представитель Президента в Южном федеральном округе,Рапота Григорий Алексеевич,9 октября 2007,14 мая 2008 г.
,,полномочный представитель Президента в Южном федеральном округе,Устинов Владимир Васильевич,14 мая 2008 г.,
,,полномочный представитель Президента в Северо-Кавказском федеральном округе,Хлопонин Александр Геннадиевич,19 января 2010,12 мая 2014
,,полномочный представитель Президента в Северо-Кавказском федеральном округе,Меликов Сергей Алимович,12 мая 2014,28 июля 2016
,,полномочный представитель Президента в Северо-Кавказском федеральном округе,Белавенцев Олег Евгеньевич,28 июля 2016,26 июня 2018
,,полномочный представитель Президента в Северо-Кавказском федеральном округе,Матовников Александр Анатольевич,26 июня 2018,22 января 2020 г.
,,полномочный представитель Президента в Северо-Кавказском федеральном округе,Чайка Юрий Яковлевич,22 января 2020 г.,
,,полномочный представитель Президента в Приволжском федеральном округе,Кириенко Сергей Владиленович,18 мая 2000,14 ноября 2005
,,полномочный представитель Президента в Приволжском федеральном округе,Коновалов Александр Владимирович,14 ноября 2005,12 мая 2008
,,полномочный представитель Президента в Приволжском федеральном округе,Рапота Григорий Алексеевич,14 мая 2008,14 декабря 2011
,,полномочный представитель Президента в Приволжском федеральном округе,Бабич Михаил Викторович,15 декабря 2011,24 августа 2018
,,полномочный представитель Президента в Приволжском федеральном округе,Комаров Игорь Анатольевич,7 сентября 2018,
,,полномочный представитель Президента в Уральском федеральном округе,Латышев Петр Михайлович,18 мая 2000,2 декабря 2008
,,полномочный представитель Президента в Уральском федеральном округе (и.о.),Крупкин Владимир Леонидович,2 декабря 2008,8 декабря 2008
,,полномочный представитель Президента в Уральском федеральном округе,Винниченко Николай Александрович,8 декабря 2008,6 сентября 2011
,,полномочный представитель Президента в Уральском федеральном округе,Куйвашев Евгений Владимирович,6 сентября 2011,14 мая 2012
,,полномочный представитель Президента в Уральском федеральном округе,Холманских Игорь Рюрикович,18 мая 2012,26 июня 2018
,,полномочный представитель Президента в Уральском федеральном округе,Цуканов Николай Николаевич,26 июня 2018,9 ноября 2020
,,полномочный представитель Президента в Уральском федеральном округе,Якушев Владимир Владимирович,9 ноября 2020,24 сентября 2024
,,полномочный представитель Президента в Уральском федеральном округе,Жога Артем Владимирович,2 октября 2024 г.,
,,полномочный представитель Президента в Северо-Западном федеральном округе,Черкесов Виктор Васильевич,18 мая 2000,11 марта 2003
,,полномочный представитель Президента в Северо-Западном федеральном округе,Матвиенко Валентина Ивановна,11 марта 2003,15 октября 2003
,,полномочный представитель Президента в Северо-Западном федеральном округе,Клебанов Илья Иосифович,1 ноября 2003,6 сентября 2011
,,полномочный представитель Президента в Северо-Западном федеральном округе,Винниченко Николай Александрович,6 сентября 2011,11 марта 2013
,,полномочный представитель Президента в Северо-Западном федеральном округе,Булавин Владимир Иванович,11 марта 2013,28 июля 2016
,,полномочный представитель Президента в Северо-Западном федеральном округе,Цуканов Николай Николаевич,28 июля 2016,25 декабря 2017
,,полномочный представитель Президента в Северо-Западном федеральном округе,Беглов Александр Дмитриевич,25 декабря 2017,3 октября 2018
,,полномочный представитель Президента в Северо-Западном федеральном округе,Гуцан Александр Владимирович,7 ноября 2018,24 сентября 2025
,,полномочный представитель Президента в Северо-Западном федеральном округе,Руденя Игорь Михайлович,29 сентября 2025,
,,полномочный представитель Президента в Сибирском федеральном округе,Драчевский Леонид Вадимович,18 мая 2000,9 сентября 2004
,,полномочный представитель Президента в Сибирском федеральном округе,Квашнин Анатолий Васильевич,9 сентября 2004,9 сентября 2010
,,полномочный представитель Президента в Сибирском федеральном округе,Толоконский Виктор Александрович,9 сентября 2010,12 мая 2014
,,полномочный представитель Президента в Сибирском федеральном округе,Рогожкин Николай Евгеньевич,12 мая 2014,28 июля 2016
,,полномочный представитель Президента в Сибирском федеральном округе,Меняйло Сергей Иванович,28 июля 2016,9 апреля 2021
,,полномочный представитель Президента в Сибирском федеральном округе,Серышев Анатолий Анатольевич,12 октября 2021 г.,
,,Заместитель Председателя Правительства Российской Федерации – полномочный представитель Президента Российской Федерации в Дальневосточном федеральном округе,Пуликовский Константин Борисович,18 мая 2000,14 ноября 2005
,,Заместитель Председателя Правительства Российской Федерации – полномочный представитель Президента Российской Федерации в Дальневосточном федеральном округе,Исхаков Камиль Шамильевич,14 ноября 2005,2 октября 2007
,,Заместитель Председателя Правительства Российской Федерации – полномочный представитель Президента Российской Федерации в Дальневосточном федеральном округе,Сафонов Олег Александрович,29 октября 2007,30 апреля 2009
,,Заместитель Председателя Правительства Российской Федерации – полномочный представитель Президента Российской Федерации в Дальневосточном федеральном округе,Ишаев Виктор Иванович,30 апреля 2009,31 августа 2013
,,Заместитель Председателя Правительства Российской Федерации – полномочный представитель Президента Российской Федерации в Дальневосточном федеральном округе,Трутнев Юрий Петрович,31 августа 2013 г.,
,,советник Президента,"Кобяков
 Антон Анатольевич",апрель 2014 г.,
,,"советник Президента, специальный представитель Президента по международному сотрудничеству в сфере транспорта",Левитин Игорь Евгеньевич,май 2024 г.,
,,советник Президента,Фадеев Валерий Александрович,21 октября 2019 г.,
,,советник Президента,Ямпольская Елена Александровна,14 мая 2024 г.,
,,"специальный представитель Президента по вопросам природоохранной деятельности, экологии и транспорта",Иванов Сергей Борисович,12 августа 2016 г.,
,,полномочный представитель Президента в Совете Федерации,Муравьев Артур Алексеевич,29 октября 2013 г.,
,,полномочный представитель Президента в Государственной Думе,Минх Гарри Владимирович,2009 г.,
,,полномочный представитель Президента в Конституционном Суде,Мезенцев Дмитрий Федорович,17 апреля 2025 г.,
,,Уполномоченный при Президенте по правам ребенка,"Львова-Белова
 Мария Алексеевна",27 октября 2021 г.,
,,,,,
Счетная палата,,Председатель Счетной палаты РФ,Степашин Сергей Вадимович,19 апреля 2000,20 сентября 2013
,,Председатель Счетной палаты РФ,Голикова Татьяна Алексеевна,20 сентября 2013,18 мая 2018
,,Председатель Счетной палаты РФ,Кудрин Алексей Леонидович,18 мая 2018,30 ноября 2022
,,Председатель Счетной палаты РФ (и.о.),Изотова Галина Сергеевна,30 ноября 2022,14 мая 2024
,,Председатель Счетной палаты РФ,Ковальчук Борис Юрьевич,14 мая 2024,
,,Заместитель Председателя,Семиколенных Александр Николаевич,31 января 2001,июнь 2010 г.
,,Заместитель Председателя,Горегляд Валерий Павлович,17 июня 2010,25 сентября 2013
,,Заместитель Председателя,Изотова Галина Сергеевна,25 сентября 2019,
,,Аудитор направления доходов,Батуркин Андрей Николаевич,24 сентября 2025,
,,Аудитор направления промышленности и транспорта,Бойцова Елена Александровна,24 сентября 2025,
,,"Аудитор направления образования, науки и культуры",Зайцев Дмитрий Александрович,22 ноября 2018,
,,Аудитор направления международного сотрудничества,Зайцев Максим Сергеевич,23 сентября 2025,
,,Аудитор направления физической культуры и спорта,Каграманян Игорь Николаевич,23 сентября 2025,
,,"Аудитор направления обороны, национальной безопасности и правоохранительной деятельности",Крусткалн Андрей Феликсович,14 марта 2025,
,,"Аудитор направления природопользования, АПК и здравоохранения",Мамедов Сергей Валерьевич,23 июня 2021,
,,Аудитор направления по вопросам топливно-энергетического комплекса,Нилов Олег Анатольевич,23 сентября 2025,
,,Аудитор направления государственного управления,Орлова Светлана Юрьевна,23 ноября 2018,
,,Аудитор направления регионального развития и ЖКХ,Трунова Наталья Александровна,23 июня 2021,
,,"Аудитор направления цифрового развития, финансовых рынков и СМИ",Шилков Данил Евгеньевич,23 сентября 2025,
,,Аудитор направления кономической политики и устойчивого развития,Щапов Михаил Викторович,23 сентября 2025,
,Департамент аудита здравоохранения и спорта,Директор департамента,Мухтасарова Татьяна Радиковна,25 марта 2025,
,Департамент аудита доходов,Директор департамента,Мельник Алексей Михайлович,1 апреля 2016,
,Департамент аудита государственного управления,Директор департамента,Грановский Алексей Андреевич,1 декабря 2021,
,Департамент аудита природопользования и АПК,Директор департамента,Нероев Сергей Владимирович,22 октября 2013,
,Департамент аудита регионального развития и ЖКХ,Директор департамента,Ковалевич Михаил Константинович,23 октября 2013,
,Департамент аудита финансовых рынков и государственного долга,Директор департамента,Лаптев Алексей Петрович,22 октября 2024,
,"Департамент аудита обороны, национальной безопасности и правоохранительной деятельности",Директор департамента,Кириллов Игорь Вячеславович,9 июня 2021,
,Департамент аудита транспорта и международного сотрудничества,Директор департамента,?,?,
,Департамент аудита экономического развития,Директор департамента,Косьяненко Антон Валерьевич,14 декабря 2018,
,"Департамент аудита образования, науки и инноваций",Директор департамента,Рожкова Елена Сергеевна,?,
,Департамент аудита в сфере закупок и энергетического комплекса,Директор департамента,Дудкин Сергей Анатольевич,5 марта 2025,
,Департамент аудита цифрового развития и государственной поддержки предпринимательства,Директор департамента,Войнов Андрей Юрьевич,31 января 2025,
,Департамент аудита промышленности и технологического развития,Директор департамента,?,?,
,Департамент аудита социальной защиты и культуры,Директор департамента,Самарина Ольга Викторовна,12 января 2015,
,Департамент аудита закупочной деятельности,Директор департамента,Горбачева Ольга Викторовна,23 сентября 2025,
,Департамент аудита информационных систем и проектов цифровизации,Директор департамента,Беликова Елена Александровна,6 ноября 2025,
,Департамент аудита проектов капитального строительства,Директор департамента,?,?,
,Департамент внешних коммуникаций,Директор департамента,Есаулов Денис Иванович,?,
,Департамент исследований и методологии,Директор департамента,Лагошин Сергей Дмитриевич,5 марта 2024,
,Департамент международного и регионального сотрудничества,Директор департамента,Махмутов Тимур Анварович,23 июля 2019,
,Департамент по развитию человеческого капитала,Директор департамента,Бобрицкий Эдуард Вадимович,10 апреля 2025,
,Департамент стратегического развития,Директор департамента,Кучерявый Павел Вадимович,?,
,Департамент управления делами и документооборота,Директор департамента,Лисюкова Наталия Андреевна,27 октября 2025,
,Департамент финансового аудита,Директор департамента,Кибитов Артем Игоревич,4 июня 2024,
,Департамент цифровой трансформации,Директор департамента,Сохоров Валерий Александрович,22 марта 2025,
,Правовой департамент,Директор департамента,Котович Станислав Стефанович,8 октября 2019,
,Сводный департамент аудита федерального бюджета,Директор департамента,Дубинкин Вадим Вадимович,5 мая 2005,
,Финансовый департамент,Директор департамента,Тарасова Евгения Владиславовна,9 января 2025,
,"Департамент аудита программ, проектов и показателей национальных целей",Директор департамента,Яременко Игорь Александрович,10 октября 2025,
,Департамент внутреннего и налогового контроля,Директор департамента,Бобров Петр Андреевич,10 октября 2025,
,,,,,
Правительство Москвы,,Мэр Москвы,Лужков Юрий Михайлович,,28 сентября 2010
,,Мэр Москвы,Ресин Владимир Иосифович,28 сентября 2010,21 октября 2010
,,Мэр Москвы,Собянин Сергей Семенович,21 октября 2010,
,,Заместитель Мэра Москвы в Правительстве Москвы — руководитель Аппарата Мэра и Правительства Москвы,"Сергунина
 Наталья
 Алексеевна",19 сентября 2018,
,,Заместитель Мэра Москвы в Правительстве Москвы по вопросам жилищно-коммунального хозяйства и благоустройства,"Бирюков
 Петр
 Павлович",2010 г.,
,,Заместитель Мэра Москвы в Правительстве Москвы по вопросам региональной безопасности и информационной политики,"Горбенко
 Александр
 Николаевич",22 февраля 2011,
,,"Заместитель Мэра Москвы в Правительстве Москвы, Руководитель Департамента экономической политики и развития города Москвы",Багреева Мария Андреевна,апрель 2024 г.,
,,Заместитель Мэра Москвы в Правительстве Москвы по вопросам социального развития,"Ракова
 Анастасия
 Владимировна",19 сентября 2018,
,,Заместитель Мэра Москвы в Правительстве Москвы по вопросам градостроительной политики и строительства,"Ефимов
 Владимир
 Владимирович",17 апреля 2024,
,,"Заместитель Мэра Москвы в Правительстве Москвы, Руководитель Департамента транспорта и развития дорожно-транспортной инфраструктуры города Москвы",Ликсутов Максим Станиславович,25 сентября 2012,
,,"Министр Правительства Москвы, Начальник Главного контрольного управления города Москвы",Данчиков Евгений Александрович,28 декабря 2018,
,Департамент финансов города Москвы,"Министр Правительства Москвы, Руководитель Департамента финансов города Москвы",Зяббарова Елена Юрьевна,1 октября 2013 г.,
,Департамент региональной безопасности и противодействия коррупции города Москвы,Руководитель Департамента,Регнацкий Владимир Владимирович,?,
,Департамент внешнеэкономических и международных связей города Москвы,"Министр Правительства Москвы, Руководитель Департамента внешнеэкономических и международных связей города Москвы",Черемин Сергей Евгеньевич,8 ноября 2010,
,Департамент инвестиционной и промышленной политики города Москвы,"Министр Правительства Москвы, Руководитель Департамента инвестиционной и промышленной политики города Москвы","Гарбузов 
 Анатолий Михайлович",2 июля 2024,
,,,,,
Государственная Дума РФ,,Председатель,Селезнев Геннадий Николаевич,,29 декабря 2003
,,Председатель,Грызлов Борис Вячеславович,29 декабря 2003,21 декабря 2011
,,Председатель,Нарышкин Сергей Евгеньевич,21 декабря 2011,5 октября 2016
,,Председатель,Володин Вячеслав Викторович,5 октября 2016,
,Комитет по бюджету и налогам,Председатель комитета,Жуков Александр Дмитриевич,26 января 2000,16 января 2004
,Комитет по бюджету и налогам,Председатель комитета,Васильев Юрий Викторович,16 января 2004,21 декабря 2011
,Комитет по бюджету и налогам,Председатель комитета,Макаров Андрей Михайлович,21 декабря 2011,
,Комитет по кредитным организациям и финансовым рынкам,Председатель комитета,Шохин Александр Николаевич,19 января 2000,3 апреля 2002
,Комитет по бюджету и налогам,Председатель комитета,Зубов Валерий Михайлович,3 апреля 2002,16 января 2004
,Комитет по бюджету и налогам,Председатель комитета,Резник Владислав Матусович,16 января 2004,24 декабря 2007
,Комитет по финансовому рынку,Председатель комитета,Резник Владислав Матусович,24 декабря 2007,21 декабря 2011
,Комитет по финансовому рынку,Председатель комитета,Бурыкина Наталья Викторовна,21 декабря 2011,17 марта 2015
,Комитет по финансовому рынку,Председатель комитета,Гончар Николай Николаевич,17 марта 2015,5 октября 2016
,Комитет по финансовому рынку,Председатель комитета,Аксаков Анатолий Геннадьевич,5 октября 2016,
,Комитет по экономической политике и предпринимательству,Председатель комитета,Глазьев Сергей Юрьевич,19 января 2000,3 апреля 2002
,Комитет по экономической политике и предпринимательству,Председатель комитета,Томчин Григорий Алексеевич,3 апреля 2002,16 января 2004
,Комитет по экономической политике и предпринимательству,Председатель комитета,Драганов Валерий Гаврилович,16 января 2004,10 ноября 2006
,Комитет по экономической политике и предпринимательству,Председатель комитета,Федоров Евгений Алексеевич,10 ноября 2006,21 декабря 2011
,"Комитет по экономической политике, инновационному развитию и предпринимательству",Председатель комитета,Руденский Игорь Николаевич,21 декабря 2011,21 апреля 2015
,"Комитет по экономической политике, инновационному развитию и предпринимательству",Председатель комитета,Аксаков Анатолий Геннадьевич,21 апреля 2015,5 октября 2016
,"Комитет по экономической политике, инновационному развитию и предпринимательству",Председатель комитета,Жигарев Сергей Александрович,5 октября 2016,?
,Комитет по экономической политике,Председатель комитета,Топилин Максим Анатольевич,12 октября 2021,
,"Комитет по промышленности, строительству и наукоемким технологиям",Председатель комитета,Маслюков Юрий Дмитриевич,19 января 2000,3 апреля 2002
,"Комитет по промышленности, строительству и наукоемким технологиям",Председатель комитета,Шаккум Мартин Люцианович,3 апреля 2002,16 января 2004
,"Комитет по промышленности, строительству и наукоемким технологиям",Председатель комитета,Шаккум Мартин Люцианович,16 января 2004,24 декабря 2007
,Комитет по промышленности,Председатель комитета,Маслюков Юрий Дмитриевич,24 декабря 2007,1 апреля 2010
,Комитет по промышленности,Председатель комитета,Собко Сергей Васильевич,7 июля 2010,?
,Комитет по промышленности и торговле,Председатель комитета,Гутенев Владимир Владимирович,12 октября 2021,
,Комитет по строительству и земельным отношениям,Председатель комитета,Шаккум Мартин Люцианович,24 декабря 2007,21 декабря 2011
,Комитет по строительству и земельным отношениям,Председатель комитета,Русских Алексей Юрьевич,21 декабря 2011,?
,Комитет по транспорту и строительству,Председатель комитета,Москвичёв Евгений Сергеевич,5 октября 2016,?
,Комитет по науке и наукоемким технологиям,Председатель комитета,Черешнев Валерий Александрович,24 декабря 2007,?
,"Комитет по экономической политике, предпринимательству и туризму",Председатель комитета,Сайкин Валерий Тимофеевич,19 января 2000,3 апреля 2002
,Комитет по труду и социальной политике,Председатель комитета,Селиванов Андрей Владимирович,3 апреля 2002,16 января 2004
,Комитет по труду и социальной политике,Председатель комитета,Исаев Андрей Константинович,16 января 2004,21 декабря 2011
,"Комитет по труду, социальной политике и делам ветеранов",Председатель комитета,Исаев Андрей Константинович,21 декабря 2011,11 ноября 2014
,"Комитет по труду, социальной политике и делам ветеранов",Председатель комитета,Баталина Ольга Юрьевна,11 ноября 2014,5 октября 2016
,"Комитет по труду, социальной политике и делам ветеранов",Председатель комитета,Нилов Ярослав Евгеньевич,5 октября 2016,
,Комитет по безопасности и противодействию коррупции,Председатель комитета,Пискарев Василий Иванович,5 октября 2016,
,,,,,
Совет Федерации,,Председатель,Миронов Сергей Михайлович,5 декабря 2001,18 мая 2011
,,Председатель,Торшин Александр Порфирьевич,18 мая 2011,21 сентября 2011
,,Председатель,Матвиенко Валентина Ивановна,21 сентября 2011,
,,Первый заместитель,Горегляд Валерий Павлович,30 января 2002,28 января 2004
,,Первый заместитель,Торшин Александр Порфирьевич,19 сентября 2008,20 января 2015 года
,,Первый заместитель,Федоров Николай Васильевич,30 сентября 2015,22 сентября 2020
,,Первый заместитель,Яцкин Андрей Владимирович,23 сентября 2020,
,,Первый заместитель,Турчак Андрей Анатольевич,23 сентября 2020,4 июня 2024
,,Первый заместитель,Якушев Владимир Владимирович,25 сентября 2024,
,,Заместитель председателя,Горегляд Валерий Павлович,26 декабря 2001,30 января 2002
,,Заместитель председателя,Вихарев Андрей Анатольевич,30 января 2002,28 мая 2003
,,Заместитель председателя,Николаев Михаил Ефимович,30 января 2002,23 июня 2010
,,Заместитель председателя,Торшин Александр Порфирьевич,30 января 2002,19 сентября 2008
,,Заместитель председателя,Мезенцев Дмитрий Федорович,28 января 2004,8 июня 2009
,,Заместитель председателя,Орлова Светлана Юрьевна,28 января 2004,27 марта 2013
,,Заместитель председателя,Воробьев Юрий Леонидович,19 сентября 2008,
,,Заместитель председателя,Штыров Вячеслав Анатольевич,24 ноября 2010,27 сентября 2014
,,Заместитель председателя,Умаханов Ильяс Магомед-Саламович,15 декабря 2010,17 марта 2021
,,Заместитель председателя,Бушмин Евгений Викторович,27 апреля 2013,6 октября 2019
,,Заместитель председателя,Карелова Галина Николаевна,1 октября 2014,25 сентября 2023
,,Заместитель председателя,Турчак Андрей Анатольевич,8 ноября 2017,23 сентября 2020
,,Заместитель председателя,Журавлев Николай Андреевич,6 ноября 2019,
,,Заместитель председателя,Косачев Константин Иосифович,17 марта 2021,
,,Заместитель председателя,Святенко Инна Юрьевна,25 сентября 2023,
,"Комитет по бюджету, налоговой политике, финансовому, валютному и таможенному регулированию, банковской деятельности",Председатель комитета,Титов Константин Алексеевич,27 сентября 2000,27 декабря 2001
,Комитет по бюджету,Председатель комитета,Бушмин Евгений Викторович,30 января 2002,2011 г.
,Комитет по финансовым рынкам и денежному обращению,Председатель комитета,Васильев Сергей Александрович,30 января 2002,3 сентября 2007
,Комитет по финансовым рынкам и денежному обращению,Председатель комитета,Ананьев Дмитрий Николаевич,26 октября 2007,
,Комитет Совета Федерации по бюджету и финансовым рынкам,Председатель комитета,Бушмин Евгений Викторович,25 ноября 2011,30 октября 2013
,Комитет Совета Федерации по бюджету и финансовым рынкам,Председатель комитета,Рябухин Сергей Николаевич,30 октября 2013,25 сентября 2019
,Комитет Совета Федерации по бюджету и финансовым рынкам,Председатель комитета,Журавлёв Николай Андреевич,25 сентября 2019,25 ноября 2019
,Комитет Совета Федерации по бюджету и финансовым рынкам,Председатель комитета,Артамонов Анатолий Дмитриевич,26 февраля 2020,
,Комитет Совета Федерации по экономической политике,Председатель комитета,Яковлев Владимир Анатольевич,28 июня 2000,1 января 2002
,Комитет Совета Федерации по экономической политике,Председатель комитета,Молчанов Андрей Юрьевич,25 ноября 2011,5 апреля 2013
,Комитет Совета Федерации по экономической политике,Председатель комитета,Неелов Юрий Васильевич,26 июня 2013,29 ноября 2017
,Комитет Совета Федерации по экономической политике,Председатель комитета,Мезенцев Дмитрий Федорович,29 ноября 2017,29 мая 2019
,Комитет Совета Федерации по экономической политике,Председатель комитета,Кутепов Андрей Викторович,29 мая 2019,
,"Комитет по экономической политике, предпринимательству и собственности",Председатель комитета,Оганян Оганес Арменакович,30 января 2002,декабрь 2011 г.
,Комитет Совета Федерации по социальной политике,Председатель комитета,Петренко Валентина Александровна,30 января 2002,2018 г.
,Комитет Совета Федерации по социальной политике,Председатель комитета,Рязанский Валерий Владимирович,25 ноября 2011,30 января 2020
,Комитет Совета Федерации по социальной политике,Председатель комитета,Святенко Инна Юрьевна,30 января 2020,сентябрь 2024 г.
,Комитет Совета Федерации по социальной политике,Председатель комитета,Перминова Елена Алексеевна,25 сентября 2023,сентябрь 2024 г.